{
  "20newsgroups_10shot": {
    "dataset_name": "20newsgroups_10shot",
    "n_train": 40,
    "n_classes": 4,
    "samples_per_class": 10.0,
    "imbalance_ratio": 1.0,
    "avg_text_length": 149.41666666666666,
    "text_length_std": 147.17381541716054,
    "vocab_size": 2030,
    "type_token_ratio": 0.37739356757761666,
    "avg_text_length_chars": 908.3611111111111,
    "avg_centroid_distance": 0.6000790642958972,
    "avg_intra_class_distance": 0.8814951181411743,
    "class_separation_ratio": 0.6807514323633413,
    "embedding_spread": 0.033641476184129715,
    "max_class_overlap": 0.471600867327281,
    "avg_knn_distance_k5": 0.8997454710297345,
    "density_variance": 0.046501013042357965,
    "n_shot": 10
  },
  "20newsgroups_25shot": {
    "dataset_name": "20newsgroups_25shot",
    "n_train": 100,
    "n_classes": 4,
    "samples_per_class": 25.0,
    "imbalance_ratio": 1.0,
    "avg_text_length": 191.10204081632654,
    "text_length_std": 433.40398013381815,
    "vocab_size": 5112,
    "type_token_ratio": 0.2729602733874413,
    "avg_text_length_chars": 1132.469387755102,
    "avg_centroid_distance": 0.5268252101556963,
    "avg_intra_class_distance": 0.9050674438476562,
    "class_separation_ratio": 0.582083925056499,
    "embedding_spread": 0.03401198983192444,
    "max_class_overlap": 0.360114726123455,
    "avg_knn_distance_k5": 0.9250812022043958,
    "density_variance": 0.004753619978301047,
    "n_shot": 25
  },
  "sms_spam_10shot": {
    "dataset_name": "sms_spam_10shot",
    "n_train": 20,
    "n_classes": 2,
    "samples_per_class": 10.0,
    "imbalance_ratio": 1.0,
    "avg_text_length": 18.85,
    "text_length_std": 8.632931136062652,
    "vocab_size": 280,
    "type_token_ratio": 0.7427055702917772,
    "avg_text_length_chars": 107.65,
    "avg_centroid_distance": 0.581960093888596,
    "avg_intra_class_distance": 0.8337382674217224,
    "class_separation_ratio": 0.6980129335891792,
    "embedding_spread": 0.030985763296484947,
    "max_class_overlap": 0.581960093888596,
    "avg_knn_distance_k5": 0.9219779717826688,
    "density_variance": 0.011132900088559512,
    "n_shot": 10
  },
  "sms_spam_25shot": {
    "dataset_name": "sms_spam_25shot",
    "n_train": 50,
    "n_classes": 2,
    "samples_per_class": 25.0,
    "imbalance_ratio": 1.0,
    "avg_text_length": 20.0,
    "text_length_std": 8.937561188601732,
    "vocab_size": 600,
    "type_token_ratio": 0.6,
    "avg_text_length_chars": 111.4,
    "avg_centroid_distance": 0.48919184148005246,
    "avg_intra_class_distance": 0.859829843044281,
    "class_separation_ratio": 0.5689402914279392,
    "embedding_spread": 0.03156716749072075,
    "max_class_overlap": 0.48919184148005246,
    "avg_knn_distance_k5": 0.8560714453328012,
    "density_variance": 0.015187983098309647,
    "n_shot": 25
  },
  "hate_speech_davidson_10shot": {
    "dataset_name": "hate_speech_davidson_10shot",
    "n_train": 30,
    "n_classes": 3,
    "samples_per_class": 10.0,
    "imbalance_ratio": 1.0,
    "avg_text_length": 13.966666666666667,
    "text_length_std": 6.655741047313131,
    "vocab_size": 304,
    "type_token_ratio": 0.7255369928400954,
    "avg_text_length_chars": 97.96666666666667,
    "avg_centroid_distance": 0.4715391957441876,
    "avg_intra_class_distance": 0.8283600807189941,
    "class_separation_ratio": 0.5692442293149911,
    "embedding_spread": 0.030560964718461037,
    "max_class_overlap": 0.4193361446601917,
    "avg_knn_distance_k5": 0.8970349739963652,
    "density_variance": 0.004882251015893017,
    "n_shot": 10
  }
}