{
  "n_folds": 15,
  "n_splits": 5,
  "n_repeats": 3,
  "baseline": {
    "mean": 0.20504460298134644,
    "std": 0.013148063032691277,
    "values": [
      0.21718407109398058,
      0.19477276943652633,
      0.2154885823656726,
      0.18355881869705593,
      0.2172487401555926,
      0.21813824692810352,
      0.20509572949626387,
      0.22173828647859212,
      0.1840148617943485,
      0.2124058582570331,
      0.2100760589142955,
      0.19645493447493598,
      0.21184606365061343,
      0.2010306003525928,
      0.18661542262458963
    ]
  },
  "augmented": {
    "mean": 0.20890384173886759,
    "std": 0.015218822382329009,
    "values": [
      0.2308925441106609,
      0.20080744553336263,
      0.21684207130819208,
      0.18459484282055993,
      0.2245288564299751,
      0.2269063995698649,
      0.20587010001182213,
      0.22206030190591602,
      0.18438578769136174,
      0.21841926358947544,
      0.21331512114434192,
      0.19954522040714062,
      0.21496690571293403,
      0.20148035300031047,
      0.18894241284709612
    ]
  },
  "delta": {
    "mean": 0.0038592387575211735,
    "std": 0.003837035164811252,
    "values": [
      0.013708473016680323,
      0.006034676096836306,
      0.001353488942519493,
      0.001036024123504009,
      0.00728011627438252,
      0.008768152641761368,
      0.0007743705155582592,
      0.0003220154273239073,
      0.00037092589701323564,
      0.006013405332442351,
      0.0032390622300464134,
      0.003090285932204645,
      0.0031208420623206057,
      0.00044975264771768275,
      0.0023269902225064865
    ],
    "ci_95_lower": 0.0017343595089142601,
    "ci_95_upper": 0.005984118006128087,
    "t_statistic": 3.895394958584634,
    "p_value": 0.0016163393924578295,
    "significant": true,
    "win_rate": 1.0,
    "wins": 15
  },
  "n_synthetic": 46,
  "config": "V2_high_vol",
  "seed": 42,
  "synthetic_weight": 0.5,
  "class_weight": null
}