{
  "timestamp": "20260127_154718",
  "config": {
    "n_runs": 5,
    "seeds": [
      42,
      123,
      456,
      789,
      1011
    ],
    "methods": [
      "baseline",
      "smote",
      "llm"
    ],
    "datasets": [
      "sms_spam_10shot",
      "20newsgroups_10shot",
      "hate_speech_davidson_10shot"
    ],
    "synthetic_per_class": 50,
    "llm_filter": {
      "filter_level": 1,
      "k_neighbors": 10
    },
    "llm_model": "gemini-3-flash-preview"
  },
  "results": [
    {
      "dataset": "sms_spam_10shot",
      "method": "baseline",
      "f1_mean": 0.8772066684002195,
      "f1_std": 0.0,
      "f1_values": [
        0.8772066684002195,
        0.8772066684002195,
        0.8772066684002195,
        0.8772066684002195,
        0.8772066684002195
      ],
      "ci_95_lower": 0.8772066684002195,
      "ci_95_upper": 0.8772066684002195,
      "delta_mean": 0.0,
      "delta_std": 0.0,
      "t_statistic": 0.0,
      "p_value": 1.0,
      "significant": false,
      "win_rate": 0.0
    },
    {
      "dataset": "sms_spam_10shot",
      "method": "smote",
      "f1_mean": 0.8853756111267315,
      "f1_std": 0.017092964316773165,
      "f1_values": [
        0.8682702098419954,
        0.8852523338194687,
        0.8742011774769789,
        0.9127648775536099,
        0.8863894569416042
      ],
      "ci_95_lower": 0.8641518927120125,
      "ci_95_upper": 0.9065993295414504,
      "delta_mean": 0.8168942726511873,
      "delta_std": 1.709296431677317,
      "t_statistic": 1.06864502272777,
      "p_value": 0.3454315617485787,
      "significant": 